geom,rrdistance,parid,luc_desc,taxdist_desc
0106000020BC080000010000000103000000010000000700000080976E1241472141405EBA1107C0394180BE9FBA38472141400AD7C305C0394180BE9FAADD46214180E92631F7BF3941C0C876BED6462141C09DEF6FAAC039412004569E35472141C0749388B2C0394100D7A3703A47214160E7FBF1B2C0394180976E1241472141405EBA1107C03941,16167.659166472082,8010210,Vacant Residential,DELAND
0106000020BC080000010000000103000000010000000600000080C2F5B878462141A0999909E7BF3941205A647B1946214160E3A5CBD7BF394120B072D8AE452141208716617EC039410054E365FC452141C0CAA1A594C03941205839240846214120B072E896C0394180C2F5B878462141A0999909E7BF3941,16019.974027436401,8010226,Vacant Residential,DELAND
0106000020BC080000010000000103000000010000000500000020DBF9BE57432141E04D62C076BE394160643B0F5542214160BC74B369BE3941E07C3F054B42214160E5D0729BBE3941C0F3FDB44D432141C076BE7FA8BE394120DBF9BE57432141E04D62C076BE3941,15588.935590661114,8010262,Vacant Residential,DELAND
0106000020BC08000001000000010300000001000000050000006012830087452141C0F3FD8434BE39416091ED0C83442141205C8F0232BE3941E051B81E81442141E026310064BE394180976E128545214180BE9F8266BE39416012830087452141C0F3FD8434BE3941,15872.319180950022,8010271,Vacant Residential,DELAND
0106000020BC080000010000000103000000010000000D000000A09BC460E346214160BA494463BF3941A01A2F6DDF452141E022DBC160BF394160E5D0F2DD452141405EBA0987BF3941D325FB6EDE452141A22702078BBF394102B50F2FE0452141751058ED8EBF394150C19A27E3452141E5EB37A392BF39411C022C45E7452141BDA25A1096BF3941EDE7D56CEC452141200D551E99BF394172CDDD7CF24521413CA22AB99BBF394192A8984DF9452141173ED0CF9DBF394180976EB200462141E0A59B549FBF3941200456AEDF462141E0CEF703C3BF3941A09BC460E346214160BA494463BF3941,16044.99319856102,8010296,Vacant Residential,DELAND
0106000020BC080000010000000103000000010000000500000060E3A51B99192441803D0A1F1AA63A41E0D0229BE1192441601283082BA63A4120B07248F91924416039B4A811A63A41C04B37C9B019244160643BBF00A63A4160E3A51B99192441803D0A1F1AA63A41,483.9977573327113,8010309,"Warehousing, Distribution",PORT ORANGE
0106000020BC0800000100000001030000000100000006000000A01C5AA416BF2241A018049686223B41C0749388A7BE22410000005085223B416039B458A1BE224120DBF9460C233B41E0A59B74D1BE2241203108D40C233B4120B0725803BF2241C07493000E233B41A01C5AA416BF2241A018049686223B41,28018.365729210134,8010349,Vacant Residential,DAYTONA BEACH
0106000020BC0800000100000001030000000100000006000000A0F1D2ADAEBE2241C04B376924243B4160643BBFAABD2241A0EFA76E21243B41600E2D52A9BD2241C0F7538B40243B41E051B8FEA7BD22418095436B53243B4140B6F33DACBE224160E3A59359243B41A0F1D2ADAEBE2241C04B376924243B41,27917.34833248185,8010359,Vacant Residential,DAYTONA BEACH
0106000020BC080000010000000103000000010000000600000080BE9FAA91BE2241A0C64B87CD243B4100D34DB291BD2241E022DBB9B6243B41E96B572288BD2241E85A6343CF243B41C0C876FE7CBD2241600E2DA2E7243B4140DF4F7D79BE2241806CE7A306253B4180BE9FAA91BE2241A0C64B87CD243B41,27868.364811861695,8010362,Vacant Residential,DAYTONA BEACH
0106000020BC08000001000000010300000001000000070000004008AC7C12BD2241601058D1ED243B41C0CCCCAC17BC2241E04D6290CB243B410054E37509BC224100560E95E3243B41E0CEF723FABB2241E0FBA999FB243B416039B4D8F1BC2241600E2D1A23253B41A047E12A01BD2241806891150B253B414008AC7C12BD2241601058D1ED243B41,28035.08249314568,8010374,Vacant Residential,DAYTONA BEACH
0106000020BC0800000100000001030000000100000007000000A0EFA706B7B9224100AC1C22FB223B416066663639B92241E051B8CE8C223B4100D5788918B92241E04F8D1F96223B41D6013227EFB822417C92EBF8A2223B4100295CCFC7B82241608FC255B1223B418095432B65B922418016D90615233B41A0EFA706B7B9224100AC1C22FB223B41,28640.452147277483,8010383,Vacant Residential,DAYTONA BEACH
0106000020BC080000010000000103000000010000000500000000D34DE2F3B822416091EDA482243B418095439BEAB82241809318DC50243B41600E2DB2EDB7224160BA499C5C243B41C020B0F2F6B72241804160658E243B4100D34DE2F3B822416091EDA482243B41,28566.989205020243,8010391,Vacant Residential,DAYTONA BEACH
0106000020BC080000010000000103000000010000000C00000080BE9F9AB1B82241C09F1ABFB3263B410054E395BAB722410054E3E56A263B41E0CEF7A39FB72241E07C3FBD81263B410DD8E4329CB72241F004114385263B4103EDA3E699B722414584AB0289263B4186C8ACCD98B72241802D75E48C263B41436AE8EE98B72241A6F8FCCF90263B41F39485499AB72241558694AC94263B41C0F3FDD49CB722412085EB6198263B41C0F75393A0B72241E051B8469D263B41E07A14FE9DB82241A06E1203E8263B4180BE9F9AB1B82241C09F1ABFB3263B41,28341.306273150516,8010402,Vacant Residential,DAYTONA BEACH
0106000020BC0800000100000001030000000100000005000000E04F8D9741B12241A01C5A44C5213B41A09999990DB12241208716598F213B41002DB26D23B02241809318CCC7213B4160E5D04258B0224120AE4789FE213B41E04F8D9741B12241A01C5A44C5213B41,29753.556724054546,8010431,Vacant Residential,DAYTONA BEACH
0106000020BC0800000100000001030000000100000005000000C076BE2FDBA9224160B81E8DE71E3B4100295C6FF7A822418095430B9F1E3B41203108FCB6A82241C076BEA7D11E3B41C0F528BC9AA92241E0FBA9291A1F3B41C076BE2FDBA9224160B81E8DE71E3B41,30921.1730570441,8010474,Vacant Residential,DAYTONA BEACH
0106000020BC0800000100000001030000000100000007000000408B6C6721B62241E0A59BD4EA1C3B41E078E946F0B522416039B400CA1C3B41E0A370DDE1B5224160B81E65CF1C3B41A099993977B5224180BE9F22881C3B414008AC2C3BB522412085EB999E1C3B4180E926F1D6B5224180EB51B0061D3B41408B6C6721B62241E0A59BD4EA1C3B41,29720.92905269601,8010511,Vacant Residential,DAYTONA BEACH
0106000020BC0800000100000001030000000100000005000000E022DBC926B32241408B6C4FA61F3B41002DB2CD48B2224160666676591F3B41C0C8767E04B22241A047E1CA8A1F3B412083C07AE2B22241806CE7A3D71F3B41E022DBC926B32241408B6C4FA61F3B41,29763.3031181533,8010555,Vacant Residential,DAYTONA BEACH
0106000020BC08000001000000010300000001000000070000006012831072B62241601058A104203B4180C0CA61FBB52241C09F1A5F8B1F3B41E0A3708DA6B5224100295CAFA21F3B41403333D308B6224160E7FBD1F21F3B41C01E852B18B622412006811DEE1F3B41C0CAA12543B6224180C2F52811203B416012831072B62241601058A104203B41,29341.675259153457,8010578,Vacant Residential,DAYTONA BEACH
0106000020BC08000001000000010300000001000000070000002083C0FAA0B82241A0703DEA9E1F3B41E024062194B82241007F6ADC701F3B41E02631B888B72241400AD783831F3B41C0F3FD1493B7224120B29DA7A81F3B41A0C64B474DB82241205C8FAA9B1F3B41809318C44FB8224140E17A94A41F3B412083C0FAA0B82241A0703DEA9E1F3B41,29132.35101281487,8010584,Vacant Residential,DAYTONA BEACH
0106000020BC08000001000000010300000001000000070000008068918D72B8224140B4C886F81E3B4140DF4FAD6AB82241C0CCCC4CDC1E3B41205839445FB72241809318F4EE1E3B4120AE47A169B7224100000018141F3B4160BC74D323B8224100AAF11A071F3B4140B4C85621B82241E0240631FE1E3B418068918D72B8224140B4C886F81E3B41,29224.972914073114,8010588,Vacant Residential,DAYTONA BEACH
0106000020BC0800000100000001030000000100000006000000008195E3BAB52241C0C876CEA7213B41C0F3FDD4D6B42241E026316069213B4153ABB0BDBEB42241CCED1D3A7E213B41C0F753C3A4B42241E024068192213B41E0A7C66B7CB52241C0A1451EDB213B41008195E3BAB52241C0C876CEA7213B41,29246.093912489257,8010609,Vacant Residential,DAYTONA BEACH
0106000020BC080000010000000103000000010000000700000020B072A88CBF2241E02406B1781E3B4160E7FBF99DBF224180C0CAC1B61E3B41E04F8DD7ABBF2241600E2DCAB51E3B4140B6F34DBABF224120DBF99EE91E3B41400AD7A3FFBF224100FED4C8E41E3B41203108DCDFBF2241403333E3721E3B4120B072A88CBF2241E02406B1781E3B41,28363.330701960465,8010683,Vacant Residential,DAYTONA BEACH
0106000020BC0800000100000001030000000100000007000000A0C64B9718BF2241E04D62B8D81C3B41608FC24507BF2241E04F8DA79A1C3B41C0F7532315BF2241C09DEFAF991C3B41600E2DD20ABF2241200456B6741C3B41601283A0B7BE2241E0CEF7837A1C3B41A06E1243D3BE22416066668EDD1C3B41A0C64B9718BF2241E04D62B8D81C3B41,28694.599424686196,8010702,Vacant Residential,DAYTONA BEACH
0106000020BC08000001000000010300000001000000070000008016D91E80BC224160E3A51B141F3B41C0F5287C64BC224180E92611B11E3B41406210281FBC224100022BE7B51E3B41A099997930BC2241000000F8F31E3B412031089C22BC224120B29DEFF41E3B41A01A2FED2CBC2241C04B37E9191F3B418016D91E80BC224160E3A51B141F3B41,28746.065558430917,8010769,Vacant Residential,DAYTONA BEACH
0106000020BC080000010000000103000000010000000700000020B29DCFD8BB224100295C0F0C1C3B41208716B98DBB224180976EE2D91B3B41E051B8EE98BB22414060E5B0D51B3B41A06E12336CBB2241E0A59BCCB71B3B41C07268F128BB224120DD24F6D01B3B41008195C3A0BB224100295C07211C3B4120B29DCFD8BB224100295C0F0C1C3B41,29158.100218337855,8010804,Vacant Residential,DAYTONA BEACH
0106000020BC0800000100000001030000000100000007000000408941A040BB2241007F6A5C561E3B41002DB2FD24BB224160E7FB51F31D3B41806891CDD1BA2241A0ED7C1FF91D3B4120DBF91EE3BA224180EB5130371E3B41A0438BFCF0BA224100D7A338361E3B41002DB24DFBBA224100D34D325B1E3B41408941A040BB2241007F6A5C561E3B41,28972.52322559527,8010826,Vacant Residential,DAYTONA BEACH
0106000020BC080000010000000103000000010000000700000020B07238BBBA2241809318C4A21F3B4160BC7423A7BA2241806CE7CB5A1F3B410054E34599BA224160BC74C35B1F3B41806ABCF48EBA2241E022DBC9361F3B41A01A2F9D49BA2241A0C420A03B1F3B414033330368BA2241C0490C92A81F3B4120B07238BBBA2241809318C4A21F3B41,28887.766273981746,8010841,Vacant Residential,DAYTONA BEACH
0106000020BC0800000100000001030000000100000009000000803D0A677CB92241408B6CDFA11D3B41A018041672B92241608FC2E57C1D3B4120B0723864B92241804160DD7D1D3B41205A641B5FB92241A0703D8A6B1D3B41E078E9E652B92241E0A59BCC3F1D3B4160E5D0920DB92241205C8FA2441D3B41A0F1D23D18B92241200456DE6A1D3B418041603529B9224100560EADA71D3B41803D0A677CB92241408B6CDFA11D3B41,29254.534529028573,8010864,Vacant Residential,DAYTONA BEACH
0106000020BC080000010000000103000000010000000700000020DD24A61EB62241E04D62E03F1A3B41E0D022EBDEB52241806ABC6C2C1A3B41603BDF9FD7B52241C0A14566321A3B41608FC2A56CB52241E04F8DBF111A3B41C0CCCC2C48B52241A0C64B9F2F1A3B41C0490CE2F2B52241E0FBA9B9631A3B4120DD24A61EB62241E04D62E03F1A3B41,30018.204088634808,8010899,Vacant Residential,DAYTONA BEACH
0106000020BC0800000100000001030000000100000007000000A099991978B722412004568EAE1A3B41E04D62203AB7224160E3A5BB991A3B4120AE475132B72241400C028B9F1A3B41007F6A3CC6B6224140355E3A7B1A3B41608FC275A0B62241C0F528B4981A3B41A0ED7C3F49B72241205C8F6AD11A3B41A099991978B722412004568EAE1A3B41,29814.57341148061,8010907,Vacant Residential,DAYTONA BEACH
0106000020BC080000010000000103000000010000001100000080E926312BBA2241E0FBA9D1611B3B4100819543D3B9224180EB5110271B3B41E07A140EC8B922412085EB412B1B3B4180976E529BB922418068915D0D1B3B41E024062161B92241A06E1223231B3B4160BC74D3CDB9224140DF4FC56B1B3B41DE5D19F8D1B922411C8FD6206E1B3B41492B82CCD6B922410628F921701B3B41B7593D32DCB92241B51415BC711B3B4176124507E2B922417A2E11E5721B3B411DEAD526E8B92241E8649D95731B3B41179E566AEEB9224184D660C9731B3B41D8634BAAF4B92241EB37157F731B3B4109CC4EBFFAB9224199DC8EB8721B3B41C5180A8300BA2241D42EB17A711B3B4180E926D105BA224140DF4FCD6F1B3B4180E926312BBA2241E0FBA9D1611B3B41,29425.473404451976,8010922,Vacant Residential,DAYTONA BEACH
0106000020BC080000010000000103000000010000000900000020D9CE5785B82241C0F528B46D1A3B4160643B3F4BB8224160128340561A3B4180BE9F0A54B8224120DD24CE501A3B410054E385F2B7224160128370291A3B41E04F8DD7B1B72241E04F8D7F511A3B41400AD7C3FDB72241400AD7AB681A3B413DF2CFA02CB8224163031B0D781A3B410000006059B8224120DBF9EE881A3B4120D9CE5785B82241C0F528B46D1A3B41,29721.367114301072,8010934,Vacant Residential,DAYTONA BEACH
0106000020BC0800000100000001030000000100000007000000C020B0825ABC2241E0A59B6C0D1A3B41601283B0E2BB2241205A645BBD193B4140E17AA4AABB2241205A6453D2193B412083C0BAF5BB224180EB5180041A3B4160B81E85EABB22412085EBB1081A3B41E024064117BC224120DD2496261A3B41C020B0825ABC2241E0A59B6C0D1A3B41,29320.908982697532,8010975,Vacant Residential,DAYTONA BEACH
0106000020BC0800000100000001030000000100000007000000804160E5A3A12441C0CCCC2CE6D23941403333F3BCA1244140378909E3D23941202FDDC447A2244140B4C8A6D1D2394100FED4782FA2244160666626A1D2394160E7FBA946A12441C0C8764EBED23941C0A145F65EA1244120DBF9CEEED23941804160E5A3A12441C0CCCC2CE6D23941,7732.283194327887,8011097,Vacant Residential,EDGEWATER
0106000020BC0800000100000001030000000100000009000000A09BC480A59D244120DBF916C4D5394140B6F34D8C9D244160B81E4DBFD53941A09999F98B9D244100560E3DBFD539415F843362779D2441DB294BA5BAD53941C195FBF4639D2441CFD455ECB4D5394180E926F1519D2441C0CCCC24AED53941403333C3939C2441E0A37025F9D5394100295CAF4C9D2441A0ED7CEF38D63941A09BC480A59D244120DBF916C4D53941,7998.800786408651,8011113,Vacant Residential,EDGEWATER
0106000020BC0800000100000001030000000100000005000000E0A59B74609E2441A018049EE7D539412083C0FA029E244180976EDAD5D5394160105829AA9D2441A047E1B24AD63941C0F753A3079E2441200456765CD63941E0A59B74609E2441A018049EE7D53941,7898.849497389638,8011115,Vacant Residential,EDGEWATER
0106000020BC080000010000000103000000010000000F00000000D578799C612341408B6CBF55803A412083C07A9C612341C074938055803A4160E5D0A2EF6023414060E50056803A413E5C500CE7602341FEF9796656803A4197106EB9DE60234104D1728757803A410C3E90E9D660234162E4365B59803A41A33537D8CF602341EB62DBD35B803A414E2A38BBC9602341FCAB8DDE5E803A411C2A23C1C460234160AD226462803A412677E00FC1602341495AC74966803A4173CD8FC3BE60234160FBCC716A803A41002DB2EDBD602341A0438BBC6E803A41E04D62F0BC60234160B81E259D803A4100560EED9A612341203108549E803A4100D578799C612341408B6CBF55803A41,25458.60307497455,8011181,Vacant Residential,PORT ORANGE
0106000020BC080000010000000103000000010000000600000000D7A32027B82041E078E94E1F103A4100D7A35007B82041E02631481E103A41408B6C37BBB7204160BC74E31A103A41C0F3FD74B8B72041806ABCDC9B103A4160BC747324B8204100D7A3709C103A4100D7A32027B82041E078E94E1F103A41,1238.6904986643253,8011302,Vacant Residential,DELAND
0106000020BC08000001000000010300000001000000050000004008AC1CFFB8204100AC1C9A20103A412004561E93B82041C0A1450620103A41E0FBA97190B8204140E17A049D103A4140894170FCB82041408941989D103A414008AC1CFFB8204100AC1C9A20103A41,1168.1372218605838,8011304,Vacant Residential,DELAND
0106000020BC080000010000000103000000010000000500000040DF4F1DFCB82041A0C42098AC103A41E051B81E90B82041C0F52804AC103A41E078E9468EB82041E0F97E4A29113A4120DD2446FAB82041A0C420B029113A4140DF4F1DFCB82041A0C42098AC103A41,1274.9841148251596,8011331,Vacant Residential,DELAND
0106000020BC080000010000000103000000010000000B00000020DD24C6187D2341E024062127583B412031087C7C792341A01C5A6446573B41803F359EEE78234100FED498D8573B4160E7FB299C7C2341C020B012BE583B41C0CAA185507D2341400AD703EA583B4120DD24C6797D234160105879BF583B4120068195A77D2341A047E13A90583B41A0EFA7C6DE7D234120B29D4F57583B41E022DBF9C57D2341A0EFA74651583B41203108ECAF7D23416039B4E84B583B4120DD24C6187D2341E024062127583B41,103.97926776601153,8011373,Vacant Residential,ORMOND BEACH
0106000020BC08000001000000010300000001000000050000000000005042F6204180C0CAA1E1233A41E026316866F52041A0EFA766DE233A41E0A7C62B64F52041A06E127304243A4160BC741340F62041C0A145AE07243A410000005042F6204180C0CAA1E1233A41,4506.554375763138,8011417,Vacant Residential,DELAND
0106000020BC08000001000000010300000001000000050000002006813565F62041205A64E38F213A41A0F1D24D89F52041E02631A88C213A4180976E1287F52041203108A4B2213A4100AC1CFA62F6204160643BDFB5213A412006813565F62041205A64E38F213A41,3912.837389113304,8011430,Vacant Residential,DELAND
0106000020BC080000010000000103000000010000000E00000080C0CAD16BFA204120B07268CD243A41A01804E68FF9204160BA4974CA243A412004568E8EF9204160E7FB71E3243A41D2CF11158FF92041E6BA8ACBE7243A4198A87D1C91F92041A1F87B08EC243A412F46D19494F92041857AD807F0243A4127DF0E6399F920416B1B88AAF3243A41301CD5619FF920417C9443D4F6243A418DDA8162A6F920416973706CF9243A4109E89C2EAEF92041737AE05EFB243A41EFB27F89B6F92041AA996E9CFC243A41600E2D32BFF9204160BC741BFD243A4100D34D2269FA2041A045B663FF243A4180C0CAD16BFA204120B07268CD243A41,4713.386632174133,8011468,Vacant Residential,DELAND
0106000020BC080000010000000103000000010000000D00000060E5D03251F42041A0C64B87CD273A410054E3F59BF3204160BA492C8F273A41008195636AF32041C0726831B3273A41F5BC96A263F32041E9CC1821B9273A41A3E3D7FF5EF32041552DB38DBF273A41128BF19D5CF32041C9094647C6273A415055AB8E5CF32041106BA11BCD273A41F13F77D25EF320415078CDD7D3273A415F516E5863F320410FD68649DA273A41B9BCCEFE69F3204145C2B540E0273A41E0CEF79372F3204100FED490E5273A4180C0CAC12EF42041E07A148EE6273A4160E5D03251F42041A0C64B87CD273A41,5454.099762570981,8011510,Vacant Residential,DELAND
0106000020BC0800000100000001030000000100000005000000A045B6B343B8234120DBF97E566F3A4160BC7453EFB72341E051B87E296F3A41A045B6B3C1B72341E051B87E3E6F3A41E0CEF71316B8234120DBF97E6B6F3A41A045B6B343B8234120DBF97E566F3A41,14712.821339148199,4910778,Single Family,PORT ORANGE
0106000020BC0800000100000001030000000100000005000000E0A3702D38F92041405EBA31E5233A41E0FBA9415CF82041C0CAA13DE2233A41408B6C375AF8204100AC1C3A08243A41A06E122336F9204120DD242E0B243A41E0A3702D38F92041405EBA31E5233A41,4497.603310294279,8011534,Vacant Residential,DELAND
0106000020BC0800000100000001030000000100000005000000803F35DE9CF72041E026312820223A41002B87F6C0F62041C0F3FDEC1C223A41400C02BBBEF62041A09BC4E842223A41C020B0A29AF72041E0CEF72346223A41803F35DE9CF72041E026312820223A41,4058.806333664421,8011558,Vacant Residential,DELAND
0106000020BC0800000100000001030000000100000005000000601058B97DFC20412031083441263A4140E17AC405FC204120B29D973F263A4160E5D052FFFB2041A0438B8CB7263A418014AE4777FC204180C2F528B9263A41601058B97DFC20412031083441263A41,5071.125919588493,8011573,Vacant Residential,DELAND
0106000020BC080000010000000103000000010000000B00000080BE9FAA1BFF2041A09BC45890263A41002B873680FE2041400AD7EB34263A41F3163AF56BFE204145E1702C3C263A41AF94DD9455FE204181A652A641263A4160BC74B33DFE204160E5D03245263A41A0438BBC6EFE204160E5D0AABA263A410CE1775D94FE20413020FBBFB5263A416D6FBBD3B8FE2041C01DAFFBAE263A41E0BD81C2DBFE20417C23276FA6263A41B74DDBD0FCFE2041C4FE26309C263A4180BE9FAA1BFF2041A09BC45890263A41,5059.032931364485,8011578,Vacant Residential,DELAND
0106000020BC0800000100000001030000000100000005000000C0CCCC0CC0FF204120D9CE1707243A4100AAF122D0FE2041A0C420E003243A41C01E85EBCCFE204180BE9FDA3F243A41E07C3FD5BCFF2041600E2D1243243A41C0CCCC0CC0FF204120D9CE1707243A41,4498.560234877771,8011588,Vacant Residential,DELAND
0106000020BC0800000100000001030000000100000007000000A0F1D2CDACFF20414089417051223A4141A2D345A5FF20413C749F2339223A4180976E129FFF204120DBF9BE20223A41C0749398B0FE2041C076BE3F2E223A41985FC29FB7FE2041076008E549223A4180C2F528C0FE2041C09F1A6F65223A41A0F1D2CDACFF20414089417051223A41,4017.2815754793965,8011595,Vacant Residential,DELAND
0106000020BC0800000100000001030000000100000007000000A0438B4CB9FF2041C0F3FD0CC8203A410054E335CCFE204100D34D6AB5203A4160643B3FBFFE204120D9CE97DE203A41400C02BBBCFE2041000000D0E6203A41E0CEF7D3A9FF204100AAF172F9203A41E0CEF753ACFF204160128340F1203A41A0438B4CB9FF2041C0F3FD0CC8203A41,3652.1471759226206,8011602,Vacant Residential,DELAND
0106000020BC080000010000000103000000010000000600000020DBF99E695E244100AAF122F8AF3A4140B6F32D885C2441C0CCCC3C82AF3A41A0F1D25D6D5C2441806CE7AB7BAF3A4100022B47AB5B2441E0FBA9E946B03A41E0240641A25D2441608FC215C2B03A4120DBF99E695E244100AAF122F8AF3A41,8287.15705383103,8011728,Residential Common Elements/Areas,DAYTONA BEACH SHORES
0106000020BC0800000100000001030000000100000010000000E0CEF713837B2141C0F5287CE7CC39414008ACDCE9772141C0F7534BE6CC3941408941B0E9772141C0F7535313CD39412085EBE19F7B2141608FC28514CD394180EB51D8A07B2141E07A148614CD394100000000A17B214120DD2486F6CC3941B5DE92A4A07B214132E24F2DF4CC3941F4634A8E9F7B2141134E07E3F1CC3941EAC000C49D7B2141B1D6BAB5EFCC39410CD5FE509B7B2141627C23B3EDCC3941B90BB544987B21414009EDE7EBCC3941A6095AB2947B21418631665FEACC39419D8F71B0907B2141754C3923E9CC3941EF8D3E588C7B2141FE662F3BE8CC394151E723C5877B21415730FFACE7CC3941E0CEF713837B2141C0F5287CE7CC3941,22577.703167448253,8011825,Residential Common Elements/Areas,DELAND
0106000020BC0800000100000001030000000100000023000000809318F409D5234140B4C856A70D3A4140DF4F4DFFD42341405EBAE98E0D3A41606666A6F4D423414008AC7C760D3A4120B29DFFE9D42341E04F8D0F5E0D3A418068912DB7D5234180E926B1470D3A41A047E1EAB2D52341400AD7EB3D0D3A414008ACBCE5D4234140355E4A540D3A410054E315DBD42341E07C3FDD3B0D3A41C09F1A6FD0D42341E0263170230D3A4180EB51C8C5D42341A06E12030B0D3A41C0726821BBD42341A0180496F20C3A4100295C4F88D5234120B29D37DC0C3A41C0CCCC0C84D5234180976E72D20C3A41E051B8DEB6D42341A09BC4D0E80C3A4120D9CE37ACD42341A045B663D00C3A412031086CA4D42341E0FBA981BE0C3A41202FDDF48FD42341E0240651D50C3A418068917D7BD42341E04D6220EC0C3A41A0EFA70667D423418014AEEF020D3A4160643B8F52D42341803D0ABF190D3A41C0F3FDF492D32341806ABCC4EE0C3A4140B4C88677D3234100295C570D0D3A41E051B8EE73D3234100AAF17A110D3A41E0D0226B45D4234160BC74031F0D3A4160E5D0023FD42341E051B8CE370D3A412083C09A38D42341E022DB99500D3A4180976E3232D42341A01A2F65690D3A41A0703DCA2BD4234120B07230820D3A416091EDFC57D4234180C2F5E08D0D3A4100295C2F84D4234100D57891990D3A412085EB61B0D4234160E7FB41A50D3A4140E17A94DCD42341E0F97EF2B00D3A41E078E9C608D52341A06E12A3BC0D3A41400C029B14D52341806CE7C3BF0D3A41809318F409D5234140B4C856A70D3A41,17635.66583454328,8011859,Residential Common Elements/Areas,NEW SMYRNA BEACH
0106000020BC0800000100000001030000000100000007000000A0ED7C3FF3D32341E0A37025110B3A41203108FCECD32341608FC2BD0F0B3A41E0A59B84D8D3234160B81E8D260B3A41804160F5DED3234120DBF9FE270B3A41C09F1A1F98D4234100295C87510B3A41C0A14596ACD42341406210B83A0B3A41A0ED7C3FF3D32341E0A37025110B3A41,18069.277939258533,8011874,Vacant Residential,NEW SMYRNA BEACH
0106000020BC080000010000000103000000010000000700000000022BD703D32341200681C51E0C3A41A0F1D27DFBD22341E07A14E61C0C3A4140B4C806E7D2234140DF4FB5330C3A4140DF4F8DEFD223418016D99E350C3A4120AE47A1A6D3234120B29DAF5E0C3A4180EB5118BBD32341408941E0470C3A4100022BD703D32341200681C51E0C3A41,17996.45641870145,8011885,Vacant Residential,NEW SMYRNA BEACH
0106000020BC0800000100000001030000000100000009000000A01A2F5DF6D22341A0C420603C0D3A41200456EE0ED2234140621098320D3A41007F6ACC02D22341C0CCCC14320D3A4100819583F0D12341A0F1D275460D3A41A0C64B77EDD12341202FDD444A0D3A41C0CAA175F9D12341A0EFA7C64A0D3A4120AE47B1F2D2234160643B4F550D3A41A7987BDFF3D22341A43981D1480D3A41A01A2F5DF6D22341A0C420603C0D3A41,17917.265223649265,8011895,Vacant Residential,NEW SMYRNA BEACH
0106000020BC0800000100000001030000000100000009000000403789B106D32341E0D022BB9E0D3A41C020B002FBD2234140DF4FDD860D3A4100560EEDF3D22341A0703D8A870D3A418041609521D22341A047E19AAD0D3A41C07268C11DD223412058394CAE0D3A41C020B0A21FD2234160B81EE5B00D3A410054E3C52ED22341803F35CEC50D3A41803D0AE732D22341E078E90EC50D3A41403789B106D32341E0D022BB9E0D3A41,17864.986443469126,8011898,Vacant Residential,NEW SMYRNA BEACH
0106000020BC080000010000000103000000010000000900000020DD24C635D32341E0A7C693950E3A4140355E8AC8D3234180976EFA200E3A41BF05EFF9B3D32341428D59CD190E3A4100D34D32A0D32341E0263118120E3A41C07268B1F8D2234100AAF12A970E3A41799CD5F705D323416A7D571A980E3A4168F4C35F13D3234140D24C24980E3A41C01E85AB20D3234100D7A348970E3A4120DD24C635D32341E0A7C693950E3A41,17698.475741406313,8011905,Vacant Residential,NEW SMYRNA BEACH
0106000020BC080000010000000103000000010000000600000040621058BAD72341000000780D0F3A41408941B0AFD7234160128308F50E3A41202FDDA4D8D6234100D34D6A090F3A4120AE47A1DED62341E0A59B34190F3A418068910DE1D62341A0C42010220F3A4140621058BAD72341000000780D0F3A41,17163.818471727678,8011922,Vacant Residential,NEW SMYRNA BEACH
0106000020BC0800000100000001030000000100000005000000A047E18A66D6234140894140020C3A41E0CEF7E35BD62341403333D3E90B3A41202FDDB48ED52341E0FBA931000C3A41806CE75B99D52341E051B89E180C3A41A047E18A66D6234140894140020C3A41,17778.367421557992,8011951,Vacant Residential,NEW SMYRNA BEACH
0106000020BC08000001000000010300000001000000050000004062101864D52341400C022B890C3A4180E9267159D52341A01804BE700C3A41C0F753438CD42341007F6A1C870C3A4100AC1CEA96D42341403789899F0C3A414062101864D52341400C022B890C3A41,17795.084966890074,8011993,Vacant Residential,NEW SMYRNA BEACH
0106000020BC0800000100000001030000000100000005000000C0C876BEBAE91D4160E7FB092AC43B41007F6A3CB3E91D412083C0AAFDC43B4180BE9FBAFBEC1D41008195C3FAC43B41007F6ABCFBEC1D41408941002AC43B41C0C876BEBAE91D4160E7FB092AC43B41,6618.006263193438,2000252,Single Family,UNINCORPORATED - WESTSIDE
0106000020BC080000010000000103000000010000004E000000C045B6F3C8071D41E0A7C68BB0C73B41C04F8D177C041D41C0726831FFC63B4100D578E93E041D41C0C876BE0FC73B410004568EF0031D41E0F97E4A30C73B4140B4C8F697031D416091EDBC4FC73B4180438BEC5B031D41E051B87E65C73B41C045B6F31C031D41606666467FC73B41C0A3705D00031D418041602598C73B41C045B6F3F0021D416039B4E8ADC73B4100FED4F8CF021D4160E3A59BC8C73B41801058B99C021D41C0F753CBD9C73B4140BA490C34021D41C0A145D6F2C73B4100AAF152C3011D4100AC1CFA0CC83B4180EFA74687011D4160BA49AC27C83B41C09DEF2738011D4100295C3757C83B41005A64BB1D011D41E04D62707DC83B4100000080F2001D41C076BE9F9DC83B4100D1225BC4001D41A0180436B5C83B4180BE9F1A19001D41A0EFA786CFC83B41803D0A576FFF1C41A01804DEDEC83B41806666E620FF1C4120583934E4C83B41C0A3705DCEFE1C4160E7FBD1E9C83B4180C0CAA137FE1C4100560EADF3C83B41C0A3703DDFFD1C41E0F97E2A03C93B41008195C390FD1C41400C02EB10C93B41C0CAA1C567FD1C4160BC745319C93B4180BC74130AFD1C41C020B0D231C93B41C0C8763E89FC1C4120DBF9FE51C93B4180931884EFFB1C4120B29D4F7BC93B41C0C8763E80FB1C4120DBF91E9BC93B41804160850FFB1C41C0A145B6B4C93B41C09DEF47B3FA1C4100D7A3F0CDC93B41007D3FD54CFA1C41A01C5A44D9C93B4100FCA971D0F91C414060E590E0C93B4140E3A51B51F91C4140894160F1C93B4180416085C7F81C4140DF4F3506CA3B4100D7A3F050F81C4180976ED223CA3B41405C8FC2F1F71C41205A64BB44CA3B41C04D6210A7F71C412004562E64CA3B41406210D847F71C4120DD24A696CA3B41C0703D8A01F71C41600E2D32B7CA3B41406210F89DF61C418016D9EED9CA3B410052B81E46F61C41E04D6210F2CA3B4180EB5138B5F51C418014AE8706CB3B41C01E856B47F51C4140355EDA20CB3B41C04D621004F51C4120B0722837CB3B4180BE9F1AD8F41C41E02631C854CB3B4140E17A14C2F41C418014AE8777CB3B41405EBA4964F41C4100AC1CBAB9CB3B41C0F1D24D0FF41C41A0ED7C1FEFCB3B4100FED478B4F31C41C020B05222CC3B41806666E650F31C4120B29D0F45CC3B41C0F1D2CDC5F21C41A06E12036ECC3B41C07268117EF21C41403789C181CC3B41C09DEFC724F21C41202FDDA48FCC3B414060E550BEF11C41E04D6230A1CC3B4140DF4FAD5DF11C41A018045EC1CC3B4140DF4F8D4DF11C41400C022BCECC3B41806E128360F11C4100D7A3F8E9CC3B4140DF4F2D6BF11C41E07A14CE06CD3B4100AAF1526AF11C41403333D306CD3B4140DF4F2D5AF11C41A09999991ECD3B41C04D629053F11C41A01C5AC42BCD3B410052B89E37F11C4160BA49CC3BCD3B410054E3A511F11C4180C2F5084BCD3B410083C04ACEF01C41E026312861CD3B41C0F1D24D71F01C41804160E583CD3B41002B879613F01C4100AAF112A4CD3B41C01C5AE4AAEF1C41400C028BC7CD3B4180C0CAA16CEF1C410054E345E8CD3B4100D578695FEF1C4160BC74F3FECD3B410054E3253FEF1C41A099999920CE3B41007D3F553EEF1C41A018047E20CE3B4140DF4FADFAEE1C41408B6C4740CE3B4140643BDF60EE1C41A01804B68CCE3B41405C8F425EEE1C418068916D8DCE3B418093188469071D4160BC74D396CE3B41C045B6F3C8071D41E0A7C68BB0C73B41,19813.98845211996,2000384,Vacant Governmental,UNINCORPORATED - WESTSIDE
0106000020BC0800000100000001030000000100000009000000806666E6BFEF1D4160E7FB1138673B4140DD240669EF1D4160E7FB9137673B418041606566EF1D41C01E85AB49673B41C0749398A5EE1D41E04F8D37746C3B41C0749398FDEE1D4120D9CED7746C3B41C01C5A6408F91D41E022DBD9856C3B41400E2DB2BFF91D4140E17A345B673B41C020B012C2F91D412058399449673B41806666E6BFEF1D4160E7FB1138673B41,12786.64450886232,2000724,Colleges,UNINCORPORATED - WESTSIDE
0106000020BC0800000100000001030000000100000009000000C04D6210887D1D414008ACDCA8973B41C07268917D7D1D41E07A14EE9F973B41C020B012477D1D41C01E854B7B973B41408B6C67277D1D4100D7A3307E973B41806E1283207D1D4160E7FBD17E973B41804160E5AE7B1D4100D7A3B0A0973B41002FDD24EF7B1D4100D7A3B0CD973B41C078E9A6687D1D414060E5B0AB973B41C04D6210887D1D414008ACDCA8973B41,16016.520140893253,2001585,Vacant Residential,UNINCORPORATED - WESTSIDE
0106000020BC0800000100000001030000000100000007000000801058B938811D4140355E7A3B9A3B418091EDFCF2801D41804160250E9A3B4140DD2406D1801D4120583934119A3B41C0F753E35C7F1D41203108B4329A3B41806E12839E7F1D4120583974609A3B41C078E92612811D4140E17AF43E9A3B41801058B938811D4140355E7A3B9A3B41,15592.346272695946,2001844,Mobile Homes,UNINCORPORATED - WESTSIDE
0106000020BC080000010000000103000000010000001100000000295C0F5A711D41C0CCCC2C009E3B41002731084B721D4120DD2426D19D3B41405C8FE2AB711D41E0A3707D929D3B41C09DEF4798711D41C0CAA1C58A9D3B414039B4C880711D41C0CAA1858E9D3B4180666666B0701D41C0CAA125AF9D3B418041606514701D41C0CAA1A5C79D3B41408B6CE7EB6F1D4140378901CE9D3B410052B81EA86F1D41A0EFA7A6D89D3B41806891EDED6F1D41C0490C62F29D3B4140DF4F8D0A701D4160BC74D3EC9D3B41801804D620701D4100AC1C7AE89D3B41C09F1A2F2D701D41C0726811E69D3B41C01C5AE495701D41A047E15A059E3B41007B14AEAB701D41E0D022BB0A9E3B4180C420D0E0701D41C0A145D6179E3B4100295C0F5A711D41C0CCCC2C009E3B41,16271.56587980166,2002093,Vacant Residential,UNINCORPORATED - WESTSIDE
0106000020BC080000010000000103000000010000000A000000806ABCB4ABB22141A018041681993941C0A145B6D1B22141A01A2FDD809939418093188457B32141E0A370DD80993941C0A145B664B32141E0A370DD80993941E0CEF75360B32141E0A3709D5798394140E17A14C4B121416091ED3C57983941A0EFA7C6D2B12141A01A2FDD81993941A01C5AE4FFB12141A01A2FDD81993941606666E625B22141A01A2FDD81993941806ABCB4ABB22141A018041681993941,29908.27784750355,2574283,"Mixed Use, Store/Office/Resi",DELTONA
0106000020BC0800000100000001030000000100000017000000E0A7C68B49A0214100022BC7238539418095434B7CA0214100022BC7228539412031086CA7A0214100022BC72285394160E3A5DBD9A02141408B6CE722853941E0A7C6CB04A12141408B6CC722853941E0A7C64B3BA12141408B6CE722853941A047E1BA3CA12141408B6CC7C3843941400C022B06A12141408B6CC7C3843941400C022BDBA02141408B6CC7C3843941E0D0229BA8A0214100022BC7C3843941205A64BB7DA0214100022BC7C38439418095430B4BA0214100022BC7C38439418095438B14A0214100022BC7C3843941205A64BBE19F214100022BC7C3843941205A64BBB29F214100022BC7C484394160E3A51B7C9F214100022BC7C484394160E3A51B4D9F214100022BC7C4843941203108AC4B9F214100022BC723853941203108BC7A9F214100022BC723853941C0F5285CB19F214100022BC723853941C0F5285CE09F214100022BC723853941C0F5281C13A0214100022BC723853941E0A7C68B49A0214100022BC723853941,27628.73586248002,2574968,Vacant Commercial,DELTONA
0106000020BC080000010000000103000000010000000D0000006039B4489F4C224160E7FB090889394180BE9F5A9A4C2241E051B89E0689394180BE9FEAC94B2241C0C8769ECA883941C0F3FD14C24B2241A01A2F5DC888394160666626B64B2241A0F1D2EDC4883941C01E85AB6B4B2241A045B6330A893941A047E1BA7A4B2241803F359E0E893941408B6CE77B4B2241C0A145F60E893941E0CEF7137D4B22412004564E0F893941A047E1BA4A4C2241E051B89E4B89394100D578A9504C2241C0F5285C4D89394140378941784C2241403333732A8939416039B4489F4C224160E7FB0908893941,49599.935257026766,2575883,Vacant Residential,DELTONA
0106000020BC0800000100000001030000000100000007000000601058B9B05122410054E305A6713941002DB29D7F4E224120DBF9FEF170394160643B9F7F4E224160643BFFC8713941403789C1B34E224140378981D3713941405EBA89434F2241E0A3707DF07139412031087C23512241E0A3703D51723941601058B9B05122410054E305A6713941,48843.51363235512,2576766,Vacant Residential,DELTONA
0106000020BC0800000300000001030000000100000000010000002FDD24E7731D4120D9CEB7F1F53A4100A69BC4BC731D4120D9CED7DCF53A4180416065AA731D41E04F8DB7C9F53A41002FDD24B4731D41E04F8D77B7F53A4180EFA746BC731D41E04F8D37A6F53A41C0CAA1C5C9731D41E04F8D3792F53A4140DD2486EB731D41E04F8D977FF53A4140DF4F0D08741D41C0C876DE71F53A4140DD24860C741D41E04F8DB76FF53A4180EFA7462A741D41E04F8D1760F53A410054E32534741D41E04F8D3752F53A41C078E92648741D41E04F8DF73DF53A4100022B8762741D41E04F8D172AF53A41408B6CE76D741D41E04F8D1719F53A41C078E9267D741D41E04F8D3706F53A41C09DEFC78F741D41E04F8D77F7F43A41C09DEF47A7741D41E04F8D57E0F43A4140B4C876A6741D41E04F8D57E0F43A414062105896661D41C0F3FDD4DFF43A4100AAF1D2A3661D41200681557FF73A4140E17A14BA661D41200681557FF73A41C045B673CE661D41200681557FF73A4180BC749316671D41608FC23581F73A4140E17A145D671D41A018043683F73A41806ABC749F671D41A018049682F73A41806ABCF4D4671D41A01804767FF73A4140E17A9415681D41A01804567CF73A41408FC2F567681D41A01804B67AF73A4180180456B6681D41C0A145967AF73A41408FC2752A691D41C0A145567CF73A4140B4C8764B6A1D41002B87F681F73A41406210D8426B1D4140B4C8B684F73A41408716D98D6B1D4140B4C89680F73A4180999919C06B1D4140B4C8367CF73A4180999999E06B1D4140B4C89675F73A4140871659076C1D4140B4C8F669F73A41C022DB79236C1D4140B4C83657F73A4180999999396C1D4140B4C8963EF73A4100AC1CDA576C1D4140B4C81626F73A41806ABCF4646C1D4120D9CE171DF73A4180BE9FBA7B6C1D4140B4C8760DF73A4180BE9F1A906C1D4160E5D0C2FBF63A4100D1225B986C1D4140B4C896F4F63A41C047E17AB76C1D4140B4C856DDF63A41806CE77BDC6C1D4140B4C836CDF63A41C0F528DC1B6D1D4140B4C8B6BEF63A41C0F528DC646D1D4140B4C8B6AFF63A418091EDFC916D1D4140B4C8D6A3F63A41C0A370DDAB6D1D4140B4C89694F63A418091EDFCB76D1D4140B4C8F683F63A41C0A3703DBB6D1D4140B4C81670F63A41C0A370DDAF6D1D4140B4C83659F63A41002DB29DA26D1D4140B4C8964BF63A418091ED7C806D1D4140B4C8F640F63A414008AC1C3F6D1D41002B873631F63A41007F6A3CFF6C1D41002B871620F63A41C0A370DDC06C1D41002B87F60BF63A418091EDFC856C1D41C0A145B6FFF53A41806CE77B4F6C1D41C0A14576FDF53A41806CE77B146C1D41C0A145D601F63A4140E3A51BD46B1D41C0A145B60EF63A4100D122DB8C6B1D41C0A1451620F63A4100D1225B4D6B1D41C0A145B62EF63A4180BE9F3A246B1D41C0A1459639F63A41806CE7FB0F6B1D41002B871649F63A4180BE9F3AF26A1D41C0A1457658F63A4100AC1C5AB46A1D41C0A1453665F63A41809999995D6A1D41A018041673F63A41C0749318056A1D41608FC2B57AF63A41C0749318C1691D41A01804D67AF63A4180EB51B87D691D41A018043675F63A4180EB513841691D41A018045669F63A4180EB513809691D41608FC2B554F63A41C04F8D97D2681D41608FC2353CF63A4100FED4F8B0681D41608FC25526F63A41C04F8D1798681D41608FC29510F63A41406210586F681D4120068155FDF53A41406210D839681D4120068115EAF53A41C04F8D970E681D4120068135D4F53A4140621078FB671D41608FC295C1F53A4140621058F9671D4120068175B5F53A41C04F8D97F9671D4120068175A8F53A4180EB513800681D41608FC2759AF53A41C022DBF916681D41200681958EF53A4180EB513847681D41200681B580F53A41C04F8D1775681D412006811572F53A4140871659A6681D412006819568F53A4180105839E1681D412006811562F53A4100AC1C5A24691D41200681F55FF53A4180BE9FBA73691D41200681F562F53A4180BE9F1AC3691D41608FC2F565F53A4180BE9F1A0B6A1D41608FC2F567F53A41C047E17A426A1D41608FC2756AF53A41005A64BB726A1D41608FC2F571F53A41005A64BBB36A1D41200681F576F53A41C0F5285CF46A1D41A01804F672F53A4140E3A51B146B1D41608FC2556AF53A4140E3A59B1F6B1D41A018045660F53A41C0F528DC186B1D41A01804F654F53A4140E3A51B056B1D41608FC29549F53A41007F6A3C066B1D41608FC2353DF53A41C0F528DC346B1D41608FC2D52CF53A41C0A370DD7D6B1D41A01804D61CF53A41C0F528DCD26B1D41A01804560EF53A41C0A3703D376C1D41A01804D601F53A41C0C8763EA16C1D41A0180436FAF43A4140DBF97EF46C1D41A01804F6F9F43A4140DBF97E3D6D1D41C0A14576FFF43A41000000208C6D1D41C0A1453606F53A410052B81ED26D1D41C0A145D60EF53A4100000000216E1D41C0A1457619F53A41801283C06A6E1D41002B87161FF53A41000000809F6E1D41002B87F61CF53A4180128340C36E1D41002B87D617F53A4140894160D16E1D41002B87760FF53A4180128340D36E1D41002B879601F53A41801283C0DF6E1D41002B8796FAF43A41C0240601156F1D41002B87D605F53A41403789C1396F1D41002B879617F53A4100AE47E1266F1D41002B87D621F53A41C09BC420036F1D41C0A1457628F53A4140894160D36E1D41002B87F62CF53A41408941E0986E1D4140B4C8162CF53A41000000A0516E1D41002B87162AF53A4100000000036E1D41C0A1457625F53A4180ED7CBFBE6D1D41C0A145561DF53A4140643B5F7E6D1D41C0A145D614F53A4180ED7C3F416D1D41C0A145360DF53A4140DBF9FE086D1D41C0A1455608F53A4140DBF9FED06C1D41A01804D606F53A410052B81E9D6C1D41A01804960AF53A41C0C8763E5A6C1D41A01804B612F53A4140B6F3FD046C1D41A01804961BF53A414008AC9CC06B1D41A018041628F53A41C0A370DD8E6B1D41A018043638F53A414008AC1C656B1D41A018049646F53A41C0F528DC636B1D41A018041652F53A418091EDFC856B1D41A01804365EF53A41C0F528DCA06B1D41A01804F669F53A41C0F5285C9E6B1D41A01804F67BF53A414008AC1C7F6B1D41A01804D68EF53A41C0F528DC556B1D41A01804F696F53A41005A64BB126B1D41A018045699F53A4100D122DBB16A1D41A01804F696F53A4180BE9F3A436A1D41608FC2D592F53A4180BE9F9AE4691D41608FC2D58CF53A4100AC1C5A8B691D41608FC2D582F53A4100AC1C5A22691D41200681757CF53A41408716D9DF681D41200681557CF53A41C022DB79B3681D412006813585F53A41406210D88D681D41200681D598F53A41406210587C681D4120068155B0F53A41406210D872681D41200681F5C6F53A41C074931886681D4140DF4F75DBF53A41C0749398BC681D41608FC2B5F2F53A41406210D8EB681D41608FC29509F63A41C074931813691D41608FC2751EF63A41406210D84C691D41608FC29535F63A4100FED47881691D41A01804D647F63A41C0749318B1691D41A018045650F63A4140871659FC691D41A018045653F63A4180BE9F3A4C6A1D41A01804B64EF63A41801058B9876A1D41A01804F643F63A4180BE9FBAB16A1D41A018041638F63A4180BE9F1AC66A1D41A01804362EF63A41C047E17ADF6A1D41A018043627F63A41C047E17A116B1D41C0A145D61EF63A4100D1225B446B1D41C0A1451615F63A41005A643B666B1D41C0A1451609F63A41005A643B6B6B1D41C0A14596F8F53A4140E3A51B656B1D41002B8716ECF53A41005A643B706B1D41C0A145D6E8F53A4100D122DB826B1D41C0A14596EEF53A41005A64BBB76B1D41C0A14576F1F53A41806CE7FB116C1D41C0A14576EBF53A41007F6ABC5D6C1D41002B8776E5F53A41007F6A3C8F6C1D41002B87F6E3F53A4140B6F37DAF6C1D41C0A145B6E9F53A41C0A3705DD16C1D41002B8736EFF53A41C0A3705D016D1D41002B87D6F1F53A41C0A370DD456D1D41002B8776FBF53A4140B6F3FD906D1D41002B87D60DF63A41002DB29DD16D1D4140B4C8161FF63A4140B6F37D006E1D4140B4C8762BF63A4140B6F37D236E1D41002B877639F63A41C0C876BE456E1D4140B4C8364CF63A41C0A370BD566E1D4140B4C89664F63A41803F35DE526E1D4140B4C8B67CF63A418091EDFC2E6E1D4140B4C89693F63A414008AC9CFD6D1D4140B4C836ACF63A414008AC9CDC6D1D4140B4C816BDF63A41C0F5285CBC6D1D41002B8756CCF63A414008AC1C996D1D4140B4C836DDF63A41007F6ABC716D1D4140B4C8B6EFF63A41806CE77B4A6D1D4140B4C89601F73A41005A643B376D1D4140B4C8F614F73A4100D122DB346D1D4140B4C8F627F73A4100D1225B3D6D1D41803D0A9737F73A414008AC9C486D1D41803D0AB74BF73A4140E3A59B5F6D1D41803D0A775BF73A4100D122DBA46D1D41803D0A5767F73A41C0F528DC076E1D41803D0A1774F73A4140E3A51B556E1D4100295CD780F73A41806CE7FBA46E1D4100295C1791F73A418091ED7C116F1D4100295CD79FF73A41C0A370DD7A6F1D41E04F8DB7ACF73A41C0A3703DFB6F1D41E04F8DD7B6F73A41C0A370BD81701D4120D9CED7B8F73A41803F35DEF5701D4120D9CED7BAF73A4140DBF97E74711D41E04F8DB7C1F73A410000000010721D4140621018C7F73A4180128340AB721D41406210F8C7F73A4100AE47613F731D4180EB5158CDF73A41C0240601B0731D4180EB5178DAF73A41403789C133741D4100D7A398E9F73A41806E1203E5741D4180EB5158F4F73A410081954359751D4100FED4F8FAF73A41400AD723D4751D412087165907F83A41809318846F761D41208716191FF83A4180931804FA761D416010583937F83A41002FDDA47A771D416010581944F83A410054E325F9771D41601058B946F83A418066666663781D416010585944F83A4140DD2486BE781D416010583940F83A4140DD248608791D41A099991938F83A41408B6CE743791D41A099999928F83A41809999194F791D4100AAF17225F83A41C09DEFA781791D41A099993917F83A4140B072E8B9791D41A099993909F83A41C09DEF27E8791D41A09999F9F0F73A4140B07268087A1D41A0999919CDF73A414039B4C8147A1D41A09999B9ADF73A414039B4C8077A1D41A099999995F73A4180C2F528B6791D41601058B980F73A410027310837791D41601058D96DF73A41C09DEFC7B0781D41208716F95DF73A41408B6C6733781D412087165950F73A41408B6CE7CD771D4100FED4B83DF73A4100022B0771771D412087163929F73A4180EFA7462C771D4100FED43815F73A4180666666FB761D4100D7A378FDF63A41C078E926DB761D4100D7A3D8E2F63A41C078E926CA761D4100D7A338CAF63A41C078E9A6C0761D4100D7A338B7F63A4100022B87A9761D4100D7A398A7F63A4100022B077B761D4100D7A31890F63A4180EFA7465C761D4180EB519873F63A4100022B074D761D4180EB51985DF63A41806666E61A761D4180EB51784EF63A4180666666C2751D4180EB511844F63A410054E3255D751D4120D9CEF735F63A41806666E616751D41406210F826F63A41C0CAA145D3741D4180EB51181CF63A418041606570741D4120D9CE3711F63A41002FDD241F741D4120D9CEF703F63A41002FDD24E7731D4120D9CEB7F1F53A41010300000001000000370000008016D94E5E7B1D4100FED4B8E0F43A41C09DEF27D4741D41E04F8D57E0F43A4180EFA746CB741D41E04F8DD7E9F43A41C09DEFA7B5741D41E04F8DF7FDF43A41C078E926BB741D41E04F8D5711F53A41C078E9A6AE741D41E04F8D972CF53A4100022B879B741D41E04F8D5744F53A41408B6CE786741D41E04F8D375BF53A410054E32551741D4120D9CE177FF53A41804160E52C741D4120D9CEF7A1F53A41C0CAA14523741D4120D9CED7B5F53A41804160E527741D4120D9CED7C5F53A4100A69B4444741D4120D9CE17D0F53A410054E325A4741D4120D9CE77E1F53A4140DD24862B751D41406210F8F8F53A41806666E6B0751D414062109806F63A41C09DEFC723761D4180EB51B814F63A4100022B8774761D4180EB51B826F63A41C09DEF47C2761D4180EB51583EF63A410027310812771D4100D7A31862F63A41C09DEF274A771D4100D7A3388DF63A41C09DEF4769771D4100D7A3D8B4F63A41C09DEF2789771D4100FED438D8F63A41C09DEF27AA771D4100FED478F3F63A4140DD2486CF771D4100FED49802F73A410027310810781D4100FED4980DF73A4140B072E876781D41208716991AF73A4100273108D5781D412087161926F73A41C04B378931791D412087165932F73A4100D5786988791D41601058D93DF73A4180C2F528CF791D41601058D947F73A4100D57869187A1D41601058B953F73A410083C04A5F7A1D41A099999960F73A41405EBA499E7A1D41A09999396EF73A41405EBAC9BB7A1D41A099995980F73A41405EBA49C37A1D41A09999199CF73A41405EBA49C17A1D41A0999919BAF73A41405EBAC9B07A1D41A0999979D5F73A414039B4487E7A1D41A0999939FCF73A4100273108477A1D41A099995926F83A41C09DEF271F7A1D41A09999993DF83A41C09DEF47E9791D41A09999594BF83A41C09DEFA7BF791D41A09999995DF83A41C09DEFC7B3791D41A099993974F83A4180EFA7C6BB791D41E022DB3989F83A41408B6C67D0791D41E022DB9998F83A41C09DEFC7007A1D41E022DB19A3F83A41408B6C675C7A1D41E022DB99ACF83A41C09DEF27C77A1D4100AC1CFAB6F83A414039B448297B1D4100AC1C5AC3F83A41806E1283317B1D41200456AEC4F83A4140DF4F0D4A7B1D4160B81EA5C8F83A41002731085A7B1D4100AC1C3ACBF83A4140BA490C5A7B1D418068918DC7F83A418016D94E5E7B1D4100FED4B8E0F43A4101030000000100000021000000C0C64B37B56D1D4120D9CEF794F93A41803D0A571F6D1D4120D9CE5790F93A41408FC2754A6C1D41E04F8D178EF93A41007D3F35826B1D4100295CD788F93A4100583934F96A1D4100295C1781F93A41C020B0727C6A1D4100295C7783F93A41005839342C6A1D41803D0A3792F93A4180BC7413FD691D41803D0A9794F93A41C045B6F3B0691D41803D0A1791F93A41403333334D691D41803D0A3797F93A41C020B012E2681D4140B4C8369AF93A41400E2D3282681D4140B4C8169EF93A4100FCA9712F681D4140B4C8B6A9F93A414060E550EB671D4140B4C836BAF93A4100D7A370AE671D4140B4C836CCF93A4180C4203063671D4140B4C8F6DFF93A41803BDFEF0B671D4140B4C8F6F1F93A418016D94EBD661D41002B87F600FA3A41C09F1AAFB7661D41A0C4203002FA3A4100295C8F98661D41002B87F608FA3A418091ED7C9B661D4140DF4FF508FA3A418091EDFCEA721D4100FED43803FA3A4140B6F3FDE8721D41408941E002FA3A414008AC1C9D721D4100FED4B8F5F93A41806CE7FBA4711D4100D7A398CAF93A4140E3A59B4F711D4100D7A398BDF93A4100D122DBF0701D4100D7A3D8B2F93A4180BE9F1A4E701D4180EB5198AAF93A41C022DBF9A56F1D4100D7A3D8A7F93A41408716D93D6F1D41406210D8A5F93A4100FED478CE6E1D41406210B8A0F93A41C04F8D173F6E1D4120D9CE179CF93A41C0C64B37B56D1D4120D9CEF794F93A41,27844.02630881851,2002522,"Timberland, Index 70-79",UNINCORPORATED - WESTSIDE
0106000020BC0800000100000001030000000100000005000000405EBA49F5001F41806ABC9496273B4140B072E8D1FF1E412031087439273B41C09DEFA72DFF1E412031085459273B4180E7FB2956001F4140E17A54B5273B41405EBA49F5001F41806ABC9496273B41,688.7766778373721,2022655,Vacant Residential,PIERSON
0106000020BC0800000100000001030000000100000012000000400E2D3228901E41A06E12A359DB3B4140894160F98F1E4140B4C83659DB3B41C0CEF7D3F88F1E410054E34563DB3B41408B6CE7EF8F1E41200456AE07DC3B41405EBA49F3911E418016D94E0CDC3B4140DBF9FEE9941E4140DF4FED12DC3B4140DF4F0DEB941E4120B29DEF12DC3B41801804D655951E4100022BE713DC3B4100022B07C5951E416039B4E814DC3B41C0F528DCC6951E4100FED478F2DB3B41C0A14536C8951E4140621018DADB3B4140DF4F2D58951E4120871619D9DB3B410004568EEE941E416039B428D8DB3B4180416065EC941E4100819523D8DB3B410083C0CAF6911E4100000068D1DB3B4100A8C64BFB911E41C04B376960DB3B4180416065FB911E414008ACDC5DDB3B41400E2D3228901E41A06E12A359DB3B41,4724.907846798201,2003189,Single Family,UNINCORPORATED - WESTSIDE
0106000020BC080000010000000103000000010000001300000040621078356D1E410054E3A5E7C43B4140DF4F0DA1621E41A06E12C3D0C43B41806891EDA4621E41A06E128398C43B4140B072E8B15F1E4100D34D4292C43B410054E325455E1E4160E5D0C27BC53B41C0240681A6591E4180C0CA6173C53B418012834045591E41403789C172C53B4180ED7CBF1F591E4180C0CA4188C53B4140DBF97E02591E4180C0CA4198C53B4140DBF97ECE581E4180C0CA41B4C53B410052B81ECC581E4180C0CA41B5C53B41C0C876BEC5581E4180C0CA41B8C53B41C0C876BE8E581E4180C0CA21D3C53B4140B6F37D8C581E4180C0CA41D4C53B410052B89E8B581E4180C0CAA1D4C53B4140643B5FA3591E4100D34D02D7C53B4100022B8744601E41400AD723E5C53B41002B8716256D1E41E078E9A600C63B4140621078356D1E410054E3A5E7C43B41,177.54925221944538,2004070,"Ornamentals, Misc Ag",UNINCORPORATED - WESTSIDE
0106000020BC0800000100000001030000000100000011000000C01E85EBE7631E41A09BC4C062C13B4100022B87E4621E41A06E12C329C13B4140068195DD621E41202FDDC482C03B4180E5D0A2E95E1E416010581964C03B4180E92631AB5E1E41002DB2BD9FC03B41C0F753E3645E1E41E078E9E6E2C03B4140DD2486565B1E4140894140CEC33B4140DD2486545B1E4140894140D0C33B4180416065395B1E4160128340F1C33B41C0CAA1C5195B1E416012834014C43B41C0CAA1C5F75A1E41A09BC44036C43B41C01C5A64D35A1E41A09BC44059C43B4180931884AC5A1E41E02406417CC43B41400AD7A39E5A1E41E02406A187C43B4140B072E8B15F1E4100D34D4292C43B41806891EDA4621E41A06E128398C43B41C01E85EBE7631E41A09BC4C062C13B41,243.35905631871572,2004118,Single Family,UNINCORPORATED - WESTSIDE
0106000020BC0800000100000001030000000100000013000000C024068122551E41000000809ABC3B4140E3A59B194D1E41400AD7C387BC3B41C0A3705D164D1E41A09BC44089BC3B41408716D9054D1E41608FC2D590BC3B4100000080CD4C1E41A0ED7C7FA5BC3B4180438B6C9A4C1E41E04D6270BFBC3B4180C0CA21704C1E4180EB5138DEBC3B4180438B6C574C1E41809318A4FFBC3B41C09DEFC7454C1E41C072681116BD3B41400AD7A3374C1E41002B873632BD3B41C04F8D173B4C1E4100AC1C9A4CBD3B4140E17A14424C1E41803F357E61BD3B41C01E856B5C4C1E41C0F7536376BD3B4100A69BC4704C1E4160E7FB5190BD3B41C045B6F35E541E4120B29DCFA2BD3B41C02406019B551E4100D7A3B0A5BD3B41C0490C029B551E4160BA498CA5BD3B41C04B3709A7551E41806ABCB49BBC3B41C024068122551E41000000809ABC3B41,409.70295247691723,2004274,"Cropland, Class III",UNINCORPORATED - WESTSIDE
0106000020BC0800000100000001030000000100000012000000C0A3705DF6311E410054E3A599B53B4140DF4F0D562C1E41205C8FA241B23B41400681959B271E41E0FBA9313EB23B41400E2DB2B1271E4140333353CDB33B4180EB5138F12C1E4140E17A74D8B33B41406210D83A2E1E41C0F3FD7447B43B41C0C64B37312E1E4180976E3268B53B41007D3F55302E1E41002B87B682B53B41400681952F2E1E4140B4C81691B53B41007D3FD52A2E1E4140B4C81691B53B41005839B42A2E1E41803D0A37E4B53B41801804562A2F1E4100295CB7E5B53B4100583934762F1E414060E530E6B53B4180EB51B8A8311E41E04F8DB7E9B53B4180EB5138E5311E4120D9CED7E9B53B414087165921321E41C04B3729EAB53B4180E7FBA97E321E418014AEA7EAB53B41C0A3705DF6311E410054E3A599B53B41,2994.6318731963534,2004622,Single Family,UNINCORPORATED - WESTSIDE
0106000020BC0800000100000001030000000100000006000000002DB21DB5931E41608FC23591B83B4100AC1C5AD7901E41C0F3FD548BB83B41801058B9D4901E4120068115F9B83B41406210D8D1901E41A01804F66CB93B4140E3A59BBD931E4140B4C89673B93B41002DB21DB5931E41608FC23591B83B41,3049.3807547135025,2005114,"Ornamentals, Misc Ag",UNINCORPORATED - WESTSIDE
0106000020BC08000001000000010300000001000000060000008068912D27261E4100295CA739A63B41C0CCCC6C73241E414008AC7438A63B41400AD78375241E41408D97F6B4A73B4140E17A9475241E414008ACA4C0A73B4180EB515829261E4120B29D0FC4A73B418068912D27261E4100295CA739A63B41,4488.271937315432,2004894,Single Family,UNINCORPORATED - WESTSIDE
0106000020BC080000010000000103000000010000000F00000080E926B1B08D1E41002B8716C5BA3B410004568E56821E4100819583ADBA3B4100AE476158821E41601058B9DDBB3B410085EBD1DF891E41A0438BACEEBB3B41C0F528DC138B1E41C0490C62F1BB3B41C01E856BC18B1E41E04F8DD7F2BB3B41806ABC747E971E41C0CAA1250BBC3B4180E926B17D971E41E051B8BEE4BB3B41804160857A971E4140DF4F9545BB3B4100FED47879971E41601058B910BB3B41C0CEF7D3B1901E41E04F8D57FFBA3B41C09BC42096901E4180E92611FFBA3B41C04D6290B08D1E4140B4C8B6F7BA3B410054E3A5B08D1E4140B4C816D6BA3B4180E926B1B08D1E41002B8716C5BA3B41,2254.073754759142,2005033,Mobile Homes,UNINCORPORATED - WESTSIDE
0106000020BC080000010000000103000000010000004F000000C045B6F3E1601E412004566E50A83B410085EB51BB5E1E4180E926F14EA83B418068916DBB5E1E41E0FBA91155A83B4180931884B95E1E4100D7A3106CA83B41005A64BBB75E1E41603BDF8F8AA83B41007F6A3CB55E1E418068918D99A83B41C078E926B45E1E41A0438B8C9DA83B41005839B4B25E1E412083C0EAA2A83B4100022B07B15E1E4180C2F588A6A83B41C0A370BDAF5E1E41408B6C87ABA83B41C09DEF47AD5E1E4180416085B2A83B4100A8C6CBAC5E1E41809318E4B3A83B41408D976EAC5E1E4100819543B5A83B41806E120380611E4100022B47B9A83B41400AD7A380611E4100000048B6A83B41007B142E81611E4120B07248B4A83B41408716D981611E41C04B3749B2A83B41C074931882611E41C04B3749AFA83B410081954382611E4180C2F548ADA83B41806E120382611E4180C2F548AAA83B41C0F1D2CD81611E4120B07248A8A83B41C074939881611E4100000048A6A83B41C074931881611E4100022B47A3A83B418093180480611E41C0CAA145A1A83B41806E12837F611E41202FDD449EA83B41408D976E7E611E41C0F753439CA83B41007B14AE7C611E41A09BC44099A83B41008195C37C611E41A09BC44098A83B4140DF4F8D7C611E414089414096A83B41008195437C611E41C076BE3F95A83B4140DF4F8D7B611E4120DBF93E93A83B4100FED4F87A611E41A018043E91A83B41007B14AE7A611E41E0A3703D90A83B41C074939879611E4160E3A53B8EA83B41806891ED78611E41A047E13A8DA83B41408716D977611E41E022DB398BA83B41007B14AE76611E4120D9CE378AA83B41408FC27576611E41E04F8DD789A83B414062105875611E41A018043688A83B41007B142E74611E4140E17A3487A83B41C0C64BB772611E41600E2D3285A83B4140DF4F2D71611E41A0C4203084A83B41406210586F611E418068912D82A83B41806891ED6D611E41E0A7C62B81A83B41C07493186C611E41C04B37297FA83B4140DF4F2D6A611E41606666267EA83B41406210D867611E41A06E12237CA83B410004568E65611E41000000207BA83B414087165963611E416091ED1C79A83B410004560E61611E41E022DB1978A83B41406210D85E611E4140B4C81676A83B410004560E5C611E41C020B01275A83B4100FED47859611E4120B29D0F73A83B41007B14AE56611E412031080C72A83B41400AD7A353611E418014AE0771A83B41408D97EE50611E41400AD7036FA83B41804160854D611E4160643BFF6DA83B4100AC1C5A4A611E41E0D022FB6CA83B410081954347611E4140B4C8F66AA83B41408716D943611E41600E2DF269A83B418016D94E40611E4140DF4FED68A83B4100AC1CDA3C611E416039B4E866A83B418016D94E39611E41400AD7E365A83B41C01C5A6435611E41E051B8DE64A83B4100AC1CDA31611E41E022DBD963A83B4140DD24062E611E41806ABCD461A83B4180BE9F1A2A611E4100295CCF60A83B4180C420D025611E41405EBAC95FA83B4140DD248621611E41400AD7C35EA83B4140E3A59B1D611E41E051B8BE5DA83B414060E55019611E4100FED4B85CA83B4140E3A51B15611E41403333B35AA83B414060E55010611E41C0CCCCAC59A83B41C078E9A60B611E41606666A658A83B41C0F5285C07611E41A09BC4A057A83B41C072689102611E4100AC1C9A56A83B4100022B87FD601E414033339355A83B41400E2DB2EF601E41A09BC48053A83B41C045B6F3E1601E412004566E50A83B41,807.6654433949468,2005556,Vacant Residential,UNINCORPORATED - WESTSIDE
0106000020BC0800000100000001030000000100000008000000002B8716C3721E41A045B65394B63B414006811523721E41A045B61393B63B418016D94EA06D1E41C020B0528AB63B4140BA490CAB6D1E4120310854FFB73B4140DF4F2DAB6D1E4140E17A7405B83B41C020B0F2CF721E41608FC2750FB83B4180BC7493CE721E4120068195E7B73B41002B8716C3721E41A045B65394B63B41,739.7358708333206,2005831,"Ornamentals, Misc Ag",UNINCORPORATED - WESTSIDE
0106000020BC0800000100000001030000000100000006000000C020B07254821E4180C0CA614CB93B41C09F1AAF52821E41A045B65325B83B4180BE9F1A2B791E4100295C1719B83B41406210D859791E4100D7A3383FB93B41806ABC7454821E41806ABC744DB93B41C020B07254821E4180C0CA614CB93B41,1551.335902086289,2005858,"Ornamentals, Misc Ag",UNINCORPORATED - WESTSIDE
0106000020BC0800000100000001030000000100000005000000C04B3709B3FF1E41205839F4D4273B4140B072E893FE1E412031081477273B41C01C5A6447FD1E41A045B693B7273B410027318876FF1E4120583994E0273B41C04B3709B3FF1E41205839F4D4273B41,751.9496955002892,2022671,Vacant Residential,PIERSON
0106000020BC080000010000000103000000010000000B000000002B8796208F1E41C07268F1FCA93B41C04F8D972C8D1E4160E5D0C2FCA93B4100FCA9712C8D1E4160E5D0C215AA3B41C0CCCC4C2C8D1E4160E5D0C22EAA3B41C078E9262C8D1E4160E5D0C247AA3B41C047E1FA2B8D1E4160E5D0C265AA3B41C022DBF91F8F1E41C07268F165AA3B41C078E926208F1E41C07268F147AA3B4100A8C64B208F1E41C07268F12EAA3B4100FCA971208F1E41C07268F115AA3B41002B8796208F1E41C07268F1FCA93B41,1888.8287374309446,2006137,Vacant Residential,UNINCORPORATED - WESTSIDE
0106000020BC08000001000000010300000001000000070000004089416040771E41A018047E67A93B4140B0726892751E4120DD242666A93B4140B072E88F751E4160B81E2598A93B4100D578698D751E41A01C5A24CAA93B4100AE47613B771E41E0CEF77BCBA93B41408941E03D771E416091ED7C99A93B414089416040771E41A018047E67A93B41,429.5299456026449,2007109,Vacant Residential,UNINCORPORATED - WESTSIDE
0106000020BC080000010000000103000000010000000900000000A69BC4287D1E41405EBA29CAAA3B4100A69B442B7D1E41400C022B98AA3B41C0F1D24D697B1E41A06E12C396AA3B418016D9CE667B1E41C0490CC2C8AA3B41803D0AD7A4791E4140355E5AC7AA3B41803D0A57A2791E4160105859F9AA3B418016D94E647B1E41E02406C1FAAA3B41C0CAA145267D1E4180C2F528FCAA3B4100A69BC4287D1E41405EBA29CAAA3B41,803.9161407764277,2007290,Single Family,UNINCORPORATED - WESTSIDE
0106000020BC08000001000000010300000001000000090000008016D94E647B1E41E02406C1FAAA3B41803D0A57A2791E4160105859F9AA3B41803D0AD79F791E4180EB51582BAB3B41406210589D791E4100295C575DAB3B41406210D89B791E4140B4C8567BAB3B418016D9CE5D7B1E41C0C876BE7CAB3B418016D94E5F7B1E4160643BBF5EAB3B418016D9CE617B1E41000000C02CAB3B418016D94E647B1E41E02406C1FAAA3B41,822.585258451467,2007303,Vacant Residential,UNINCORPORATED - WESTSIDE
0106000020BC080000010000000103000000010000000D000000005A643B7E7F1E4180EB51F8C5AB3B41005A64BB807F1E41601058F993AB3B41400E2DB242811E41E024066195AB3B41400E2D3245811E41C0490C6263AB3B4180E926B147811E41A06E126331AB3B4180E926314A811E4180931864FFAA3B4180BE9F3A887F1E41C0F528FCFDAA3B4180BE9FBA857F1E41205A64FB2FAB3B4180BE9F3A837F1E4100AC1CFA61AB3B4180ED7C3FA27E1E4120DD244661AB3B4180ED7CBF9F7E1E418041604593AB3B4180ED7C3F9D7E1E41A01C5A44C5AB3B41005A643B7E7F1E4180EB51F8C5AB3B41,1157.9099407544775,2007419,Mobile Homes,UNINCORPORATED - WESTSIDE
0106000020BC080000010000000103000000010000000500000080BE9F5AB1C52341008195835A1F3B41A0EFA7D692C4234140621058181F3B41A0438BEC68C42341002DB2BD451F3B41A0C420B086C52341C0F528BC871F3B4180BE9F5AB1C52341008195835A1F3B41,1723.2033917746776,3481879,Multi-Family(Less than 10 Units),DAYTONA BEACH
0106000020BC0800000100000001030000000100000005000000A0C420B086C52341C0F528BC871F3B41A0438BEC68C42341002DB2BD451F3B41608FC2F53EC4234100000020731F3B4120DD24065CC52341806ABCF4B41F3B41A0C420B086C52341C0F528BC871F3B41,1723.7593896024096,3481887,Vacant Residential,DAYTONA BEACH
0106000020BC080000010000000103000000010000005B000000806E1203886A1E4140DF4F95DAA73B41C09BC4A033681E41806ABC94D8A73B418012834033681E41806ABC94EAA73B41C09BC4A031681E41806ABC94F7A73B41801283402F681E41C0F3FD9404A83B41000000002E681E41C0F3FD9407A83B41000000002C681E41C0F3FD9411A83B410000000028681E41C0F3FD941EA83B41408941E022681E41C0F3FD942BA83B4180ED7C3F1D681E4140DF4F9537A83B41C020B0121C681E4140B4C8963AA83B414060E55018681E41C0F753A344A83B41008195C312681E4100AAF1B251A83B41801804D60B681E410054E3C55EA83B41806E120304681E4140355EDA6AA83B41C09BC4A003681E4160E7FB916CA83B4100295C8F03681E41C0F528DC6CA83B41002B8796FB671E4180E926F177A83B4100D57869F2671E41405EBA0985A83B41C0A14536E8671E41A01C5A2491A83B4100D578E9DC671E41403789419EA83B410004568EDC671E41200681959EA83B4180C420D0DB671E41A01C5A449FA83B41002B8716D1671E4100000060AAA83B41002FDD24C4671E41E0240681B6A83B4140621078B6671E41809318A4C3A83B41804160E5A7671E4100D578C9CFA83B4140643B5FA0671E4140DF4F8DD5A83B418091EDFC87671E41A018043EE8A83B418091EDFC7F671E41002DB23DEDA83B41C0A3705D7E671E41A018043EEEA83B41C0A370DD7C671E41A018043EEFA83B41002DB29D7B671E41A018043EF1A83B41C0A3705D7A671E41A018043EF2A83B41002DB29D79671E41A018043EF3A83B41C0A370DD78671E41A018043EF4A83B418091EDFC77671E41A018043EF5A83B410052B89E77671E41A018043EF7A83B41007F6A3C77671E41A018043EF8A83B41007F6A3C77671E41A018043EF9A83B41007F6A3C77671E41A018043EFAA83B410052B89E77671E41A018043EFCA83B418091EDFC77671E41A018043EFDA83B41C0A370DD78671E41A018043EFEA83B41007F6A3C79671E41A018043EFFA83B41C0A3705D7A671E41A018043E00A93B41007F6A3C7B671E41A018043E02A93B41C0A370DD7C671E41A018043E03A93B41806CE7FB7D671E41A018043E04A93B41002DB29D7F671E41A018043E05A93B41007F6A3C81671E41A018043E06A93B41007F6A3C83671E41A018043E07A93B41007F6A3C85671E41A018043E08A93B41002DB29D87671E41A018043E0AA93B41806CE7FB89671E41A018043E0BA93B41C0A3705D8C671E41002DB23D0CA93B41007F6A3C8F671E41A018043E0DA93B41806CE7FB91671E41A018043E0EA93B41C0A370DD94671E41A018043E0FA93B41806CE7FB97671E41A018043E10A93B41007F6A3C9B671E41A018043E11A93B41C0A3705D9E671E41A018043E11A93B41806CE7FBA1671E41A018043E12A93B41002DB29DA5671E41A018043E13A93B41005A643BA9671E41803F353E14A93B41C0A370DDAC671E41803F353E15A93B41C0A370DDB0671E41803F353E15A93B41C0A370DDB4671E41803F353E16A93B41C0A370DDB8671E41803F353E17A93B41007F6A3CBD671E41803F353E17A93B41007F6A3CC1671E41803F353E18A93B41002DB29DC5671E41803F353E19A93B41806CE7FBC9671E41803F353E19A93B41803F35DECE671E41803F353E1AA93B41007F6A3CD3671E41803F353E1AA93B41002DB29DD7671E41803F353E1AA93B41C0A3705DDC671E41803F353E1BA93B41007F6A3CE1671E41803F353E1BA93B4140B6F3FDE5671E41803F353E1BA93B41C0A370DDEA671E41803F353E1CA93B41002DB29DEF671E41803F353E1CA93B41C0A3705DF4671E41803F353E1CA93B41C0A3703DF9671E41803F353E1CA93B4140B6F3FDFD671E41803F353E1CA93B4140894160706A1E41E051B83E1EA93B4100AE4761746A1E41C0A14596D4A83B4100AE47E1786A1E41A01804969EA83B41405C8FE27C6A1E41A01804966BA83B41405C8FE2806A1E41608FC2953AA83B41C0F753E3846A1E4140DF4F9507A83B41806E1203886A1E4140DF4F95DAA73B41,238.44889900982966,2007532,Vacant Commercial,UNINCORPORATED - WESTSIDE
0106000020BC0800000100000001030000000100000007000000C04F8D971CF91E41000000487F313B41002B879617F81E418014AE477D313B41400681950DF81E410000004804323B41002B879610F91E41E02631C805323B41002B871614FA1E4120B0724807323B4180EB51B825FA1E41E026316881313B41C04F8D971CF91E41000000487F313B41,470.4299273803802,2018305,Single Family,PIERSON
0106000020BC080000010000000103000000010000001A00000080E5D0A24C751E41405EBA69B9A63B4140DBF9FE0D751E41E04F8D37B9A63B41C045B6F3E7741E4100AC1CFAC6A63B4100D122DBDE741E4100295CEF7CA73B41408FC27542751E4120B29D0F85A73B418068916D09761E4160B81E059AA73B4140DF4FAD26761E41A0EFA7269DA73B418016D9CE9B761E41E078E926A4A73B41405C8FE2D0761E4100295C37A5A73B41408D976E31771E41E078E926A7A73B4100D578E998771E41E0FBA9F1A4A73B4180C420B0F2771E4100022B27A1A73B41C074939861781E4120B29D8F97A73B41007B142E2A791E41C01E852B8CA73B41405C8FC2F2791E41A0438BEC80A73B4100AAF1D2477A1E41408B6C277CA73B41408FC275BB7A1E4120B0722873A73B4140DD2486C47A1E41C04B37C9BDA63B418095438BFC791E4100D57829BDA63B4100295C8F34791E4100D57889BCA63B4140DD2486C2781E412004562EBCA63B41C020B0926C781E4100D578E9BBA63B41002B8796A4771E4100D57849BBA63B4180BE9F9ADC761E41405EBAA9BAA63B410052B89E14761E41405EBA09BAA63B4180E5D0A24C751E41405EBA69B9A63B41,140.7906478388983,2008105,"Mixed Use, Store/Office/Resi",UNINCORPORATED - WESTSIDE
0106000020BC0800000100000001030000000100000011000000C0F75303FF141F418014AEA79C9D3B410052B89EC0001F4160E5D08A789D3B41806ABCF4BE001F4180C0CA898C9D3B4180E7FBA9BE001F41E07A144E8E9D3B41803BDF4F95001F410054E3857D9F3B41002731883C031F4100D7A310829F3B41806ABCF4F90D1F4160BC7473949F3B41C0F753C30D101F41E022DB01989F3B4100D7A330E30F1F41E0CEF7D395A13B418068912DE30F1F41E02631F895A13B4100AC1CDAC9141F4160E7FB519EA13B4100560E2DD2141F41E02631609EA13B41002731E805151F4180EB51B89EA13B4180BE9F1A54151F4160105859979E3B4180E926716B151F4180C2F5F0AF9D3B41C09F1A4F6D151F41A0438B6C9D9D3B41C0F75303FF141F418014AEA79C9D3B41,7557.812494440717,2008971,"Grazing, Class II",UNINCORPORATED - WESTSIDE
0106000020BC0800000100000001030000000100000011000000C01C5AA416161F410000001052973B41C0F1D24D34161F41C020B0F237963B41C0A1455634161F41A09999A137963B41C0A3701D13161F4100295C5F37963B4100AC1CDAB3151F41403789A136963B41007B142E5D0C1F41C0CAA10524963B41400AD7230B0B1F41803F351E88963B4180EFA74666091F412087161981963B4140643B5F61071F4100000080B7963B41405C8F423B061F41205C8FE237973B41008195430D061F41C076BE7F41973B4140B4C8F635011F41E026318844983B41C0F528DC62091F41E04F8D7755983B4180C0CAA17D151F41603BDF7F6E983B41C04D62B0DB151F41C01E85436F983B4180C0CAA1F8151F41803F357E6F983B41C01C5AA416161F410000001052973B41,7085.237526362209,2009021,"Grazing, Class II",UNINCORPORATED - WESTSIDE
